{"cameraMode":{"drawMode":0,"name":"Shaded","section":"Shading Mode"},"sceneLighting":false,"audioPlay":false,"sceneViewState":{"showFog":true,"showMaterialUpdate":false,"showSkybox":true,"showFlares":true,"showImageEffects":true,"showParticleSystems":true},"in2DMode":false,"pivot":{"x":93.25972747802735,"y":-51.01217269897461,"z":127.62757873535156},"rotation":{"x":0.16501140594482423,"y":0.29809004068374636,"z":-0.052402056753635409,"w":0.9387052655220032},"size":184.01632690429688,"orthographic":false}